{
  "project_info": {
    "project_number": "881240699854",
    "firebase_url": "https://team-up-70dc5.firebaseio.com",
    "project_id": "team-up-70dc5",
    "storage_bucket": "team-up-70dc5.appspot.com"
  },
  "client": [
    {
      "client_info": {
        "mobilesdk_app_id": "1:881240699854:android:99e4ea0ba7764598",
        "android_client_info": {
          "package_name": "com.teamup"
        }
      },
      "oauth_client": [
        {
          "client_id": "881240699854-0vvujgse83tu5htadaiulana4e88mlvo.apps.googleusercontent.com",
          "client_type": 1,
          "android_info": {
            "package_name": "com.teamup",
            "certificate_hash": "8d4ba3c5737b172a1a4e83713d60440303da9920"
          }
        },
        {
          "client_id": "881240699854-i0ik9t4elpuvrlhb0rilr5n94pple0kp.apps.googleusercontent.com",
          "client_type": 3
        }
      ],
      "api_key": [
        {
          "current_key": "AIzaSyC7K8MnVTudmn3DN2Ejwi6vH7D47ekIqKw"
        }
      ],
      "services": {
        "analytics_service": {
          "status": 1
        },
        "appinvite_service": {
          "status": 2,
          "other_platform_oauth_client": [
            {
              "client_id": "881240699854-i0ik9t4elpuvrlhb0rilr5n94pple0kp.apps.googleusercontent.com",
              "client_type": 3
            },
            {
              "client_id": "881240699854-ico6s5eact97ujsvrs4irqropk1tuu6r.apps.googleusercontent.com",
              "client_type": 2,
              "ios_info": {
                "bundle_id": "com.augursTechnologies.myteamUP"
              }
            }
          ]
        },
        "ads_service": {
          "status": 2
        }
      }
    }
  ],
  "configuration_version": "1"
}